Topic,Type,Question,Answer
General Anaesthesia,Objective,Objective Q39 on General Anaesthesia,Answer to Q39 from General Anaesthesia - sample content.
General Anaesthesia,Objective,Objective Q12 on General Anaesthesia,Answer to Q12 from General Anaesthesia - sample content.
Indications & Contraindications,Objective,Objective Q18 on Indications & Contraindications,Answer to Q18 from Indications & Contraindications - sample content.
"Special Cases (e.g., pregnancy, CVS compromised)",Objective,"Objective Q20 on Special Cases (e.g., pregnancy, CVS compromised)","Answer to Q20 from Special Cases (e.g., pregnancy, CVS compromised) - sample content."
Local Anaesthesia,Objective,Objective Q36 on Local Anaesthesia,Answer to Q36 from Local Anaesthesia - sample content.
Lab Animal Anaesthesia,Objective,Objective Q14 on Lab Animal Anaesthesia,Answer to Q14 from Lab Animal Anaesthesia - sample content.
Anaesthetic Emergencies,Objective,Objective Q18 on Anaesthetic Emergencies,Answer to Q18 from Anaesthetic Emergencies - sample content.
Anaesthesia Machine,Subjective,Subjective Q13 on Anaesthesia Machine,Answer to Q13 from Anaesthesia Machine - sample content.
"Special Cases (e.g., pregnancy, CVS compromised)",Objective,"Objective Q17 on Special Cases (e.g., pregnancy, CVS compromised)","Answer to Q17 from Special Cases (e.g., pregnancy, CVS compromised) - sample content."
Indications & Contraindications,Subjective,Subjective Q37 on Indications & Contraindications,Answer to Q37 from Indications & Contraindications - sample content.
Local Anaesthesia,Objective,Objective Q18 on Local Anaesthesia,Answer to Q18 from Local Anaesthesia - sample content.
Mechanism of Action,Subjective,Subjective Q40 on Mechanism of Action,Answer to Q40 from Mechanism of Action - sample content.
Mechanism of Action,Objective,Objective Q8 on Mechanism of Action,Answer to Q8 from Mechanism of Action - sample content.
Mechanism of Action,Objective,Objective Q21 on Mechanism of Action,Answer to Q21 from Mechanism of Action - sample content.
Local Anaesthesia,Objective,Objective Q29 on Local Anaesthesia,Answer to Q29 from Local Anaesthesia - sample content.
Wild Animal Anaesthesia,Objective,Objective Q21 on Wild Animal Anaesthesia,Answer to Q21 from Wild Animal Anaesthesia - sample content.
Mechanism of Action,Objective,Objective Q9 on Mechanism of Action,Answer to Q9 from Mechanism of Action - sample content.
Wild Animal Anaesthesia,Subjective,Subjective Q40 on Wild Animal Anaesthesia,Answer to Q40 from Wild Animal Anaesthesia - sample content.
General Anaesthesia,Subjective,Subjective Q37 on General Anaesthesia,Answer to Q37 from General Anaesthesia - sample content.
Nerve Blocks,Subjective,Subjective Q13 on Nerve Blocks,Answer to Q13 from Nerve Blocks - sample content.
Anaesthetic Emergencies,Objective,Objective Q30 on Anaesthetic Emergencies,Answer to Q30 from Anaesthetic Emergencies - sample content.
Inhalant Anaesthesia,Subjective,Subjective Q1 on Inhalant Anaesthesia,Answer to Q1 from Inhalant Anaesthesia - sample content.
Local Anaesthesia,Objective,Objective Q23 on Local Anaesthesia,Answer to Q23 from Local Anaesthesia - sample content.
"Special Cases (e.g., pregnancy, CVS compromised)",Objective,"Objective Q24 on Special Cases (e.g., pregnancy, CVS compromised)","Answer to Q24 from Special Cases (e.g., pregnancy, CVS compromised) - sample content."
Anaesthetic Emergencies,Objective,Objective Q23 on Anaesthetic Emergencies,Answer to Q23 from Anaesthetic Emergencies - sample content.
Mechanism of Action,Objective,Objective Q15 on Mechanism of Action,Answer to Q15 from Mechanism of Action - sample content.
Nerve Blocks,Objective,Objective Q18 on Nerve Blocks,Answer to Q18 from Nerve Blocks - sample content.
Inhalant Anaesthesia,Objective,Objective Q33 on Inhalant Anaesthesia,Answer to Q33 from Inhalant Anaesthesia - sample content.
General Anaesthesia,Objective,Objective Q35 on General Anaesthesia,Answer to Q35 from General Anaesthesia - sample content.
Wild Animal Anaesthesia,Objective,Objective Q41 on Wild Animal Anaesthesia,Answer to Q41 from Wild Animal Anaesthesia - sample content.
Anaesthesia Machine,Objective,Objective Q6 on Anaesthesia Machine,Answer to Q6 from Anaesthesia Machine - sample content.
Inhalant Anaesthesia,Objective,Objective Q2 on Inhalant Anaesthesia,Answer to Q2 from Inhalant Anaesthesia - sample content.
Wild Animal Anaesthesia,Subjective,Subjective Q25 on Wild Animal Anaesthesia,Answer to Q25 from Wild Animal Anaesthesia - sample content.
Lab Animal Anaesthesia,Objective,Objective Q39 on Lab Animal Anaesthesia,Answer to Q39 from Lab Animal Anaesthesia - sample content.
Indications & Contraindications,Subjective,Subjective Q13 on Indications & Contraindications,Answer to Q13 from Indications & Contraindications - sample content.
Mechanism of Action,Objective,Objective Q12 on Mechanism of Action,Answer to Q12 from Mechanism of Action - sample content.
"Special Cases (e.g., pregnancy, CVS compromised)",Objective,"Objective Q26 on Special Cases (e.g., pregnancy, CVS compromised)","Answer to Q26 from Special Cases (e.g., pregnancy, CVS compromised) - sample content."
Wild Animal Anaesthesia,Objective,Objective Q42 on Wild Animal Anaesthesia,Answer to Q42 from Wild Animal Anaesthesia - sample content.
Inhalant Anaesthesia,Objective,Objective Q11 on Inhalant Anaesthesia,Answer to Q11 from Inhalant Anaesthesia - sample content.
Anaesthesia Machine,Objective,Objective Q9 on Anaesthesia Machine,Answer to Q9 from Anaesthesia Machine - sample content.
General Anaesthesia,Objective,Objective Q11 on General Anaesthesia,Answer to Q11 from General Anaesthesia - sample content.
Inhalant Anaesthesia,Objective,Objective Q3 on Inhalant Anaesthesia,Answer to Q3 from Inhalant Anaesthesia - sample content.
Inhalant Anaesthesia,Subjective,Subjective Q22 on Inhalant Anaesthesia,Answer to Q22 from Inhalant Anaesthesia - sample content.
Mechanism of Action,Objective,Objective Q6 on Mechanism of Action,Answer to Q6 from Mechanism of Action - sample content.
Nerve Blocks,Objective,Objective Q45 on Nerve Blocks,Answer to Q45 from Nerve Blocks - sample content.
Wild Animal Anaesthesia,Objective,Objective Q5 on Wild Animal Anaesthesia,Answer to Q5 from Wild Animal Anaesthesia - sample content.
General Anaesthesia,Subjective,Subjective Q7 on General Anaesthesia,Answer to Q7 from General Anaesthesia - sample content.
Indications & Contraindications,Objective,Objective Q30 on Indications & Contraindications,Answer to Q30 from Indications & Contraindications - sample content.
Indications & Contraindications,Objective,Objective Q14 on Indications & Contraindications,Answer to Q14 from Indications & Contraindications - sample content.
General Anaesthesia,Objective,Objective Q21 on General Anaesthesia,Answer to Q21 from General Anaesthesia - sample content.
Mechanism of Action,Objective,Objective Q23 on Mechanism of Action,Answer to Q23 from Mechanism of Action - sample content.
"Special Cases (e.g., pregnancy, CVS compromised)",Objective,"Objective Q21 on Special Cases (e.g., pregnancy, CVS compromised)","Answer to Q21 from Special Cases (e.g., pregnancy, CVS compromised) - sample content."
"Special Cases (e.g., pregnancy, CVS compromised)",Objective,"Objective Q15 on Special Cases (e.g., pregnancy, CVS compromised)","Answer to Q15 from Special Cases (e.g., pregnancy, CVS compromised) - sample content."
Anaesthesia Machine,Subjective,Subjective Q22 on Anaesthesia Machine,Answer to Q22 from Anaesthesia Machine - sample content.
Lab Animal Anaesthesia,Objective,Objective Q17 on Lab Animal Anaesthesia,Answer to Q17 from Lab Animal Anaesthesia - sample content.
Inhalant Anaesthesia,Subjective,Subjective Q19 on Inhalant Anaesthesia,Answer to Q19 from Inhalant Anaesthesia - sample content.
"Special Cases (e.g., pregnancy, CVS compromised)",Objective,"Objective Q11 on Special Cases (e.g., pregnancy, CVS compromised)","Answer to Q11 from Special Cases (e.g., pregnancy, CVS compromised) - sample content."
Inhalant Anaesthesia,Objective,Objective Q21 on Inhalant Anaesthesia,Answer to Q21 from Inhalant Anaesthesia - sample content.
Anaesthetic Emergencies,Subjective,Subjective Q34 on Anaesthetic Emergencies,Answer to Q34 from Anaesthetic Emergencies - sample content.
Inhalant Anaesthesia,Objective,Objective Q27 on Inhalant Anaesthesia,Answer to Q27 from Inhalant Anaesthesia - sample content.
Local Anaesthesia,Objective,Objective Q35 on Local Anaesthesia,Answer to Q35 from Local Anaesthesia - sample content.
Inhalant Anaesthesia,Objective,Objective Q8 on Inhalant Anaesthesia,Answer to Q8 from Inhalant Anaesthesia - sample content.
Nerve Blocks,Objective,Objective Q9 on Nerve Blocks,Answer to Q9 from Nerve Blocks - sample content.
General Anaesthesia,Objective,Objective Q20 on General Anaesthesia,Answer to Q20 from General Anaesthesia - sample content.
Indications & Contraindications,Objective,Objective Q15 on Indications & Contraindications,Answer to Q15 from Indications & Contraindications - sample content.
Wild Animal Anaesthesia,Objective,Objective Q29 on Wild Animal Anaesthesia,Answer to Q29 from Wild Animal Anaesthesia - sample content.
Local Anaesthesia,Objective,Objective Q24 on Local Anaesthesia,Answer to Q24 from Local Anaesthesia - sample content.
Nerve Blocks,Subjective,Subjective Q16 on Nerve Blocks,Answer to Q16 from Nerve Blocks - sample content.
Mechanism of Action,Objective,Objective Q3 on Mechanism of Action,Answer to Q3 from Mechanism of Action - sample content.
Anaesthetic Emergencies,Objective,Objective Q32 on Anaesthetic Emergencies,Answer to Q32 from Anaesthetic Emergencies - sample content.
Mechanism of Action,Objective,Objective Q14 on Mechanism of Action,Answer to Q14 from Mechanism of Action - sample content.
Mechanism of Action,Subjective,Subjective Q28 on Mechanism of Action,Answer to Q28 from Mechanism of Action - sample content.
Inhalant Anaesthesia,Objective,Objective Q9 on Inhalant Anaesthesia,Answer to Q9 from Inhalant Anaesthesia - sample content.
Inhalant Anaesthesia,Objective,Objective Q41 on Inhalant Anaesthesia,Answer to Q41 from Inhalant Anaesthesia - sample content.
Nerve Blocks,Subjective,Subjective Q43 on Nerve Blocks,Answer to Q43 from Nerve Blocks - sample content.
Wild Animal Anaesthesia,Objective,Objective Q9 on Wild Animal Anaesthesia,Answer to Q9 from Wild Animal Anaesthesia - sample content.
Nerve Blocks,Objective,Objective Q33 on Nerve Blocks,Answer to Q33 from Nerve Blocks - sample content.
Inhalant Anaesthesia,Objective,Objective Q5 on Inhalant Anaesthesia,Answer to Q5 from Inhalant Anaesthesia - sample content.
Indications & Contraindications,Objective,Objective Q44 on Indications & Contraindications,Answer to Q44 from Indications & Contraindications - sample content.
Wild Animal Anaesthesia,Subjective,Subjective Q7 on Wild Animal Anaesthesia,Answer to Q7 from Wild Animal Anaesthesia - sample content.
Lab Animal Anaesthesia,Subjective,Subjective Q28 on Lab Animal Anaesthesia,Answer to Q28 from Lab Animal Anaesthesia - sample content.
Anaesthesia Machine,Objective,Objective Q11 on Anaesthesia Machine,Answer to Q11 from Anaesthesia Machine - sample content.
Nerve Blocks,Objective,Objective Q3 on Nerve Blocks,Answer to Q3 from Nerve Blocks - sample content.
Anaesthetic Emergencies,Objective,Objective Q35 on Anaesthetic Emergencies,Answer to Q35 from Anaesthetic Emergencies - sample content.
Local Anaesthesia,Subjective,Subjective Q31 on Local Anaesthesia,Answer to Q31 from Local Anaesthesia - sample content.
Nerve Blocks,Objective,Objective Q26 on Nerve Blocks,Answer to Q26 from Nerve Blocks - sample content.
Wild Animal Anaesthesia,Objective,Objective Q44 on Wild Animal Anaesthesia,Answer to Q44 from Wild Animal Anaesthesia - sample content.
General Anaesthesia,Subjective,Subjective Q34 on General Anaesthesia,Answer to Q34 from General Anaesthesia - sample content.
Miscellaneous,Objective,Extra objective question,Sample answer.
Anaesthesia Machine,Objective,Objective Q20 on Anaesthesia Machine,Answer to Q20 from Anaesthesia Machine - sample content.
Wild Animal Anaesthesia,Subjective,Subjective Q28 on Wild Animal Anaesthesia,Answer to Q28 from Wild Animal Anaesthesia - sample content.
"Special Cases (e.g., pregnancy, CVS compromised)",Subjective,"Subjective Q28 on Special Cases (e.g., pregnancy, CVS compromised)","Answer to Q28 from Special Cases (e.g., pregnancy, CVS compromised) - sample content."
Local Anaesthesia,Objective,Objective Q5 on Local Anaesthesia,Answer to Q5 from Local Anaesthesia - sample content.
Anaesthetic Emergencies,Objective,Objective Q6 on Anaesthetic Emergencies,Answer to Q6 from Anaesthetic Emergencies - sample content.
"Special Cases (e.g., pregnancy, CVS compromised)",Subjective,"Subjective Q7 on Special Cases (e.g., pregnancy, CVS compromised)","Answer to Q7 from Special Cases (e.g., pregnancy, CVS compromised) - sample content."
Wild Animal Anaesthesia,Objective,Objective Q27 on Wild Animal Anaesthesia,Answer to Q27 from Wild Animal Anaesthesia - sample content.
Inhalant Anaesthesia,Objective,Objective Q38 on Inhalant Anaesthesia,Answer to Q38 from Inhalant Anaesthesia - sample content.
Wild Animal Anaesthesia,Objective,Objective Q3 on Wild Animal Anaesthesia,Answer to Q3 from Wild Animal Anaesthesia - sample content.
Indications & Contraindications,Subjective,Subjective Q1 on Indications & Contraindications,Answer to Q1 from Indications & Contraindications - sample content.
Inhalant Anaesthesia,Subjective,Subjective Q28 on Inhalant Anaesthesia,Answer to Q28 from Inhalant Anaesthesia - sample content.
Indications & Contraindications,Subjective,Subjective Q19 on Indications & Contraindications,Answer to Q19 from Indications & Contraindications - sample content.
General Anaesthesia,Subjective,Subjective Q4 on General Anaesthesia,Answer to Q4 from General Anaesthesia - sample content.
Inhalant Anaesthesia,Objective,Objective Q20 on Inhalant Anaesthesia,Answer to Q20 from Inhalant Anaesthesia - sample content.
Nerve Blocks,Objective,Objective Q5 on Nerve Blocks,Answer to Q5 from Nerve Blocks - sample content.
Nerve Blocks,Objective,Objective Q2 on Nerve Blocks,Answer to Q2 from Nerve Blocks - sample content.
Mechanism of Action,Objective,Objective Q44 on Mechanism of Action,Answer to Q44 from Mechanism of Action - sample content.
Anaesthetic Emergencies,Objective,Objective Q14 on Anaesthetic Emergencies,Answer to Q14 from Anaesthetic Emergencies - sample content.
Lab Animal Anaesthesia,Objective,Objective Q21 on Lab Animal Anaesthesia,Answer to Q21 from Lab Animal Anaesthesia - sample content.
Lab Animal Anaesthesia,Objective,Objective Q15 on Lab Animal Anaesthesia,Answer to Q15 from Lab Animal Anaesthesia - sample content.
Mechanism of Action,Objective,Objective Q33 on Mechanism of Action,Answer to Q33 from Mechanism of Action - sample content.
Mechanism of Action,Subjective,Subjective Q37 on Mechanism of Action,Answer to Q37 from Mechanism of Action - sample content.
Indications & Contraindications,Objective,Objective Q24 on Indications & Contraindications,Answer to Q24 from Indications & Contraindications - sample content.
Anaesthesia Machine,Subjective,Subjective Q37 on Anaesthesia Machine,Answer to Q37 from Anaesthesia Machine - sample content.
Anaesthesia Machine,Objective,Objective Q23 on Anaesthesia Machine,Answer to Q23 from Anaesthesia Machine - sample content.
Anaesthesia Machine,Subjective,Subjective Q31 on Anaesthesia Machine,Answer to Q31 from Anaesthesia Machine - sample content.
General Anaesthesia,Objective,Objective Q8 on General Anaesthesia,Answer to Q8 from General Anaesthesia - sample content.
General Anaesthesia,Subjective,Subjective Q22 on General Anaesthesia,Answer to Q22 from General Anaesthesia - sample content.
General Anaesthesia,Objective,Objective Q42 on General Anaesthesia,Answer to Q42 from General Anaesthesia - sample content.
Nerve Blocks,Objective,Objective Q29 on Nerve Blocks,Answer to Q29 from Nerve Blocks - sample content.
Nerve Blocks,Subjective,Subjective Q4 on Nerve Blocks,Answer to Q4 from Nerve Blocks - sample content.
Inhalant Anaesthesia,Objective,Objective Q30 on Inhalant Anaesthesia,Answer to Q30 from Inhalant Anaesthesia - sample content.
Indications & Contraindications,Objective,Objective Q41 on Indications & Contraindications,Answer to Q41 from Indications & Contraindications - sample content.
"Special Cases (e.g., pregnancy, CVS compromised)",Objective,"Objective Q14 on Special Cases (e.g., pregnancy, CVS compromised)","Answer to Q14 from Special Cases (e.g., pregnancy, CVS compromised) - sample content."
Mechanism of Action,Objective,Objective Q42 on Mechanism of Action,Answer to Q42 from Mechanism of Action - sample content.
Nerve Blocks,Subjective,Subjective Q31 on Nerve Blocks,Answer to Q31 from Nerve Blocks - sample content.
Wild Animal Anaesthesia,Objective,Objective Q18 on Wild Animal Anaesthesia,Answer to Q18 from Wild Animal Anaesthesia - sample content.
Anaesthesia Machine,Objective,Objective Q21 on Anaesthesia Machine,Answer to Q21 from Anaesthesia Machine - sample content.
Anaesthesia Machine,Subjective,Subjective Q4 on Anaesthesia Machine,Answer to Q4 from Anaesthesia Machine - sample content.
Lab Animal Anaesthesia,Objective,Objective Q33 on Lab Animal Anaesthesia,Answer to Q33 from Lab Animal Anaesthesia - sample content.
Local Anaesthesia,Objective,Objective Q14 on Local Anaesthesia,Answer to Q14 from Local Anaesthesia - sample content.
Anaesthesia Machine,Subjective,Subjective Q19 on Anaesthesia Machine,Answer to Q19 from Anaesthesia Machine - sample content.
Inhalant Anaesthesia,Objective,Objective Q24 on Inhalant Anaesthesia,Answer to Q24 from Inhalant Anaesthesia - sample content.
Anaesthesia Machine,Objective,Objective Q45 on Anaesthesia Machine,Answer to Q45 from Anaesthesia Machine - sample content.
Wild Animal Anaesthesia,Subjective,Subjective Q19 on Wild Animal Anaesthesia,Answer to Q19 from Wild Animal Anaesthesia - sample content.
Nerve Blocks,Objective,Objective Q17 on Nerve Blocks,Answer to Q17 from Nerve Blocks - sample content.
General Anaesthesia,Subjective,Subjective Q19 on General Anaesthesia,Answer to Q19 from General Anaesthesia - sample content.
Anaesthetic Emergencies,Objective,Objective Q29 on Anaesthetic Emergencies,Answer to Q29 from Anaesthetic Emergencies - sample content.
Indications & Contraindications,Subjective,Subjective Q22 on Indications & Contraindications,Answer to Q22 from Indications & Contraindications - sample content.
General Anaesthesia,Objective,Objective Q15 on General Anaesthesia,Answer to Q15 from General Anaesthesia - sample content.
Lab Animal Anaesthesia,Objective,Objective Q24 on Lab Animal Anaesthesia,Answer to Q24 from Lab Animal Anaesthesia - sample content.
Local Anaesthesia,Subjective,Subjective Q43 on Local Anaesthesia,Answer to Q43 from Local Anaesthesia - sample content.
Wild Animal Anaesthesia,Objective,Objective Q14 on Wild Animal Anaesthesia,Answer to Q14 from Wild Animal Anaesthesia - sample content.
Nerve Blocks,Objective,Objective Q8 on Nerve Blocks,Answer to Q8 from Nerve Blocks - sample content.
Local Anaesthesia,Objective,Objective Q39 on Local Anaesthesia,Answer to Q39 from Local Anaesthesia - sample content.
Indications & Contraindications,Subjective,Subjective Q7 on Indications & Contraindications,Answer to Q7 from Indications & Contraindications - sample content.
Inhalant Anaesthesia,Objective,Objective Q29 on Inhalant Anaesthesia,Answer to Q29 from Inhalant Anaesthesia - sample content.
Mechanism of Action,Subjective,Subjective Q25 on Mechanism of Action,Answer to Q25 from Mechanism of Action - sample content.
Anaesthesia Machine,Subjective,Subjective Q1 on Anaesthesia Machine,Answer to Q1 from Anaesthesia Machine - sample content.
Mechanism of Action,Objective,Objective Q11 on Mechanism of Action,Answer to Q11 from Mechanism of Action - sample content.
Indications & Contraindications,Objective,Objective Q3 on Indications & Contraindications,Answer to Q3 from Indications & Contraindications - sample content.
"Special Cases (e.g., pregnancy, CVS compromised)",Subjective,"Subjective Q10 on Special Cases (e.g., pregnancy, CVS compromised)","Answer to Q10 from Special Cases (e.g., pregnancy, CVS compromised) - sample content."
Lab Animal Anaesthesia,Objective,Objective Q27 on Lab Animal Anaesthesia,Answer to Q27 from Lab Animal Anaesthesia - sample content.
Wild Animal Anaesthesia,Subjective,Subjective Q1 on Wild Animal Anaesthesia,Answer to Q1 from Wild Animal Anaesthesia - sample content.
Mechanism of Action,Objective,Objective Q32 on Mechanism of Action,Answer to Q32 from Mechanism of Action - sample content.
Inhalant Anaesthesia,Objective,Objective Q32 on Inhalant Anaesthesia,Answer to Q32 from Inhalant Anaesthesia - sample content.
General Anaesthesia,Subjective,Subjective Q40 on General Anaesthesia,Answer to Q40 from General Anaesthesia - sample content.
Anaesthetic Emergencies,Objective,Objective Q15 on Anaesthetic Emergencies,Answer to Q15 from Anaesthetic Emergencies - sample content.
Nerve Blocks,Objective,Objective Q21 on Nerve Blocks,Answer to Q21 from Nerve Blocks - sample content.
Lab Animal Anaesthesia,Subjective,Subjective Q7 on Lab Animal Anaesthesia,Answer to Q7 from Lab Animal Anaesthesia - sample content.
Inhalant Anaesthesia,Subjective,Subjective Q25 on Inhalant Anaesthesia,Answer to Q25 from Inhalant Anaesthesia - sample content.
Nerve Blocks,Objective,Objective Q6 on Nerve Blocks,Answer to Q6 from Nerve Blocks - sample content.
"Special Cases (e.g., pregnancy, CVS compromised)",Objective,"Objective Q44 on Special Cases (e.g., pregnancy, CVS compromised)","Answer to Q44 from Special Cases (e.g., pregnancy, CVS compromised) - sample content."
"Special Cases (e.g., pregnancy, CVS compromised)",Objective,"Objective Q23 on Special Cases (e.g., pregnancy, CVS compromised)","Answer to Q23 from Special Cases (e.g., pregnancy, CVS compromised) - sample content."
Wild Animal Anaesthesia,Objective,Objective Q6 on Wild Animal Anaesthesia,Answer to Q6 from Wild Animal Anaesthesia - sample content.
Anaesthesia Machine,Subjective,Subjective Q34 on Anaesthesia Machine,Answer to Q34 from Anaesthesia Machine - sample content.
Local Anaesthesia,Objective,Objective Q12 on Local Anaesthesia,Answer to Q12 from Local Anaesthesia - sample content.
Lab Animal Anaesthesia,Subjective,Subjective Q19 on Lab Animal Anaesthesia,Answer to Q19 from Lab Animal Anaesthesia - sample content.
"Special Cases (e.g., pregnancy, CVS compromised)",Objective,"Objective Q45 on Special Cases (e.g., pregnancy, CVS compromised)","Answer to Q45 from Special Cases (e.g., pregnancy, CVS compromised) - sample content."
Nerve Blocks,Objective,Objective Q30 on Nerve Blocks,Answer to Q30 from Nerve Blocks - sample content.
Inhalant Anaesthesia,Objective,Objective Q15 on Inhalant Anaesthesia,Answer to Q15 from Inhalant Anaesthesia - sample content.
Anaesthesia Machine,Objective,Objective Q44 on Anaesthesia Machine,Answer to Q44 from Anaesthesia Machine - sample content.
Inhalant Anaesthesia,Subjective,Subjective Q7 on Inhalant Anaesthesia,Answer to Q7 from Inhalant Anaesthesia - sample content.
Nerve Blocks,Objective,Objective Q35 on Nerve Blocks,Answer to Q35 from Nerve Blocks - sample content.
Anaesthesia Machine,Objective,Objective Q27 on Anaesthesia Machine,Answer to Q27 from Anaesthesia Machine - sample content.
Mechanism of Action,Objective,Objective Q27 on Mechanism of Action,Answer to Q27 from Mechanism of Action - sample content.
Anaesthesia Machine,Subjective,Subjective Q43 on Anaesthesia Machine,Answer to Q43 from Anaesthesia Machine - sample content.
Nerve Blocks,Objective,Objective Q11 on Nerve Blocks,Answer to Q11 from Nerve Blocks - sample content.
General Anaesthesia,Objective,Objective Q44 on General Anaesthesia,Answer to Q44 from General Anaesthesia - sample content.
Anaesthesia Machine,Objective,Objective Q8 on Anaesthesia Machine,Answer to Q8 from Anaesthesia Machine - sample content.
Anaesthesia Machine,Objective,Objective Q33 on Anaesthesia Machine,Answer to Q33 from Anaesthesia Machine - sample content.
"Special Cases (e.g., pregnancy, CVS compromised)",Subjective,"Subjective Q25 on Special Cases (e.g., pregnancy, CVS compromised)","Answer to Q25 from Special Cases (e.g., pregnancy, CVS compromised) - sample content."
Anaesthesia Machine,Objective,Objective Q30 on Anaesthesia Machine,Answer to Q30 from Anaesthesia Machine - sample content.
Lab Animal Anaesthesia,Objective,Objective Q38 on Lab Animal Anaesthesia,Answer to Q38 from Lab Animal Anaesthesia - sample content.
Lab Animal Anaesthesia,Objective,Objective Q2 on Lab Animal Anaesthesia,Answer to Q2 from Lab Animal Anaesthesia - sample content.
Lab Animal Anaesthesia,Objective,Objective Q26 on Lab Animal Anaesthesia,Answer to Q26 from Lab Animal Anaesthesia - sample content.
"Special Cases (e.g., pregnancy, CVS compromised)",Objective,"Objective Q29 on Special Cases (e.g., pregnancy, CVS compromised)","Answer to Q29 from Special Cases (e.g., pregnancy, CVS compromised) - sample content."
Anaesthetic Emergencies,Subjective,Subjective Q16 on Anaesthetic Emergencies,Answer to Q16 from Anaesthetic Emergencies - sample content.
Inhalant Anaesthesia,Objective,Objective Q42 on Inhalant Anaesthesia,Answer to Q42 from Inhalant Anaesthesia - sample content.
General Anaesthesia,Subjective,Subjective Q13 on General Anaesthesia,Answer to Q13 from General Anaesthesia - sample content.
Indications & Contraindications,Objective,Objective Q36 on Indications & Contraindications,Answer to Q36 from Indications & Contraindications - sample content.
Nerve Blocks,Objective,Objective Q41 on Nerve Blocks,Answer to Q41 from Nerve Blocks - sample content.
Wild Animal Anaesthesia,Subjective,Subjective Q31 on Wild Animal Anaesthesia,Answer to Q31 from Wild Animal Anaesthesia - sample content.
General Anaesthesia,Subjective,Subjective Q1 on General Anaesthesia,Answer to Q1 from General Anaesthesia - sample content.
Anaesthesia Machine,Objective,Objective Q36 on Anaesthesia Machine,Answer to Q36 from Anaesthesia Machine - sample content.
Anaesthetic Emergencies,Subjective,Subjective Q25 on Anaesthetic Emergencies,Answer to Q25 from Anaesthetic Emergencies - sample content.
Mechanism of Action,Subjective,Subjective Q4 on Mechanism of Action,Answer to Q4 from Mechanism of Action - sample content.
Indications & Contraindications,Objective,Objective Q39 on Indications & Contraindications,Answer to Q39 from Indications & Contraindications - sample content.
Local Anaesthesia,Subjective,Subjective Q37 on Local Anaesthesia,Answer to Q37 from Local Anaesthesia - sample content.
Lab Animal Anaesthesia,Objective,Objective Q35 on Lab Animal Anaesthesia,Answer to Q35 from Lab Animal Anaesthesia - sample content.
"Special Cases (e.g., pregnancy, CVS compromised)",Objective,"Objective Q32 on Special Cases (e.g., pregnancy, CVS compromised)","Answer to Q32 from Special Cases (e.g., pregnancy, CVS compromised) - sample content."
Nerve Blocks,Objective,Objective Q24 on Nerve Blocks,Answer to Q24 from Nerve Blocks - sample content.
Local Anaesthesia,Subjective,Subjective Q40 on Local Anaesthesia,Answer to Q40 from Local Anaesthesia - sample content.
Anaesthetic Emergencies,Objective,Objective Q24 on Anaesthetic Emergencies,Answer to Q24 from Anaesthetic Emergencies - sample content.
Local Anaesthesia,Subjective,Subjective Q4 on Local Anaesthesia,Answer to Q4 from Local Anaesthesia - sample content.
Indications & Contraindications,Objective,Objective Q33 on Indications & Contraindications,Answer to Q33 from Indications & Contraindications - sample content.
Lab Animal Anaesthesia,Objective,Objective Q45 on Lab Animal Anaesthesia,Answer to Q45 from Lab Animal Anaesthesia - sample content.
"Special Cases (e.g., pregnancy, CVS compromised)",Objective,"Objective Q8 on Special Cases (e.g., pregnancy, CVS compromised)","Answer to Q8 from Special Cases (e.g., pregnancy, CVS compromised) - sample content."
Inhalant Anaesthesia,Objective,Objective Q6 on Inhalant Anaesthesia,Answer to Q6 from Inhalant Anaesthesia - sample content.
Wild Animal Anaesthesia,Objective,Objective Q33 on Wild Animal Anaesthesia,Answer to Q33 from Wild Animal Anaesthesia - sample content.
Nerve Blocks,Objective,Objective Q44 on Nerve Blocks,Answer to Q44 from Nerve Blocks - sample content.
Nerve Blocks,Objective,Objective Q32 on Nerve Blocks,Answer to Q32 from Nerve Blocks - sample content.
Local Anaesthesia,Subjective,Subjective Q22 on Local Anaesthesia,Answer to Q22 from Local Anaesthesia - sample content.
"Special Cases (e.g., pregnancy, CVS compromised)",Objective,"Objective Q42 on Special Cases (e.g., pregnancy, CVS compromised)","Answer to Q42 from Special Cases (e.g., pregnancy, CVS compromised) - sample content."
General Anaesthesia,Objective,Objective Q9 on General Anaesthesia,Answer to Q9 from General Anaesthesia - sample content.
Local Anaesthesia,Objective,Objective Q20 on Local Anaesthesia,Answer to Q20 from Local Anaesthesia - sample content.
Anaesthetic Emergencies,Objective,Objective Q3 on Anaesthetic Emergencies,Answer to Q3 from Anaesthetic Emergencies - sample content.
Anaesthetic Emergencies,Objective,Objective Q38 on Anaesthetic Emergencies,Answer to Q38 from Anaesthetic Emergencies - sample content.
Local Anaesthesia,Subjective,Subjective Q13 on Local Anaesthesia,Answer to Q13 from Local Anaesthesia - sample content.
"Special Cases (e.g., pregnancy, CVS compromised)",Subjective,"Subjective Q22 on Special Cases (e.g., pregnancy, CVS compromised)","Answer to Q22 from Special Cases (e.g., pregnancy, CVS compromised) - sample content."
Miscellaneous,Objective,Extra objective question,Sample answer.
Nerve Blocks,Objective,Objective Q39 on Nerve Blocks,Answer to Q39 from Nerve Blocks - sample content.
Indications & Contraindications,Subjective,Subjective Q28 on Indications & Contraindications,Answer to Q28 from Indications & Contraindications - sample content.
Indications & Contraindications,Objective,Objective Q9 on Indications & Contraindications,Answer to Q9 from Indications & Contraindications - sample content.
Wild Animal Anaesthesia,Objective,Objective Q24 on Wild Animal Anaesthesia,Answer to Q24 from Wild Animal Anaesthesia - sample content.
General Anaesthesia,Objective,Objective Q2 on General Anaesthesia,Answer to Q2 from General Anaesthesia - sample content.
Anaesthesia Machine,Objective,Objective Q17 on Anaesthesia Machine,Answer to Q17 from Anaesthesia Machine - sample content.
Lab Animal Anaesthesia,Objective,Objective Q30 on Lab Animal Anaesthesia,Answer to Q30 from Lab Animal Anaesthesia - sample content.
Anaesthesia Machine,Objective,Objective Q3 on Anaesthesia Machine,Answer to Q3 from Anaesthesia Machine - sample content.
Local Anaesthesia,Objective,Objective Q6 on Local Anaesthesia,Answer to Q6 from Local Anaesthesia - sample content.
Nerve Blocks,Subjective,Subjective Q25 on Nerve Blocks,Answer to Q25 from Nerve Blocks - sample content.
"Special Cases (e.g., pregnancy, CVS compromised)",Subjective,"Subjective Q19 on Special Cases (e.g., pregnancy, CVS compromised)","Answer to Q19 from Special Cases (e.g., pregnancy, CVS compromised) - sample content."
Mechanism of Action,Objective,Objective Q18 on Mechanism of Action,Answer to Q18 from Mechanism of Action - sample content.
Indications & Contraindications,Subjective,Subjective Q16 on Indications & Contraindications,Answer to Q16 from Indications & Contraindications - sample content.
Anaesthetic Emergencies,Subjective,Subjective Q31 on Anaesthetic Emergencies,Answer to Q31 from Anaesthetic Emergencies - sample content.
Local Anaesthesia,Objective,Objective Q15 on Local Anaesthesia,Answer to Q15 from Local Anaesthesia - sample content.
Local Anaesthesia,Subjective,Subjective Q10 on Local Anaesthesia,Answer to Q10 from Local Anaesthesia - sample content.
Anaesthetic Emergencies,Objective,Objective Q26 on Anaesthetic Emergencies,Answer to Q26 from Anaesthetic Emergencies - sample content.
Mechanism of Action,Subjective,Subjective Q10 on Mechanism of Action,Answer to Q10 from Mechanism of Action - sample content.
Anaesthetic Emergencies,Objective,Objective Q20 on Anaesthetic Emergencies,Answer to Q20 from Anaesthetic Emergencies - sample content.
"Special Cases (e.g., pregnancy, CVS compromised)",Subjective,"Subjective Q34 on Special Cases (e.g., pregnancy, CVS compromised)","Answer to Q34 from Special Cases (e.g., pregnancy, CVS compromised) - sample content."
Inhalant Anaesthesia,Objective,Objective Q36 on Inhalant Anaesthesia,Answer to Q36 from Inhalant Anaesthesia - sample content.
Anaesthetic Emergencies,Objective,Objective Q44 on Anaesthetic Emergencies,Answer to Q44 from Anaesthetic Emergencies - sample content.
Local Anaesthesia,Objective,Objective Q26 on Local Anaesthesia,Answer to Q26 from Local Anaesthesia - sample content.
Wild Animal Anaesthesia,Subjective,Subjective Q13 on Wild Animal Anaesthesia,Answer to Q13 from Wild Animal Anaesthesia - sample content.
Anaesthesia Machine,Objective,Objective Q32 on Anaesthesia Machine,Answer to Q32 from Anaesthesia Machine - sample content.
Lab Animal Anaesthesia,Objective,Objective Q8 on Lab Animal Anaesthesia,Answer to Q8 from Lab Animal Anaesthesia - sample content.
Indications & Contraindications,Objective,Objective Q8 on Indications & Contraindications,Answer to Q8 from Indications & Contraindications - sample content.
Wild Animal Anaesthesia,Subjective,Subjective Q4 on Wild Animal Anaesthesia,Answer to Q4 from Wild Animal Anaesthesia - sample content.
Inhalant Anaesthesia,Objective,Objective Q39 on Inhalant Anaesthesia,Answer to Q39 from Inhalant Anaesthesia - sample content.
Anaesthetic Emergencies,Objective,Objective Q2 on Anaesthetic Emergencies,Answer to Q2 from Anaesthetic Emergencies - sample content.
Lab Animal Anaesthesia,Subjective,Subjective Q40 on Lab Animal Anaesthesia,Answer to Q40 from Lab Animal Anaesthesia - sample content.
General Anaesthesia,Objective,Objective Q33 on General Anaesthesia,Answer to Q33 from General Anaesthesia - sample content.
Lab Animal Anaesthesia,Subjective,Subjective Q13 on Lab Animal Anaesthesia,Answer to Q13 from Lab Animal Anaesthesia - sample content.
Anaesthetic Emergencies,Objective,Objective Q33 on Anaesthetic Emergencies,Answer to Q33 from Anaesthetic Emergencies - sample content.
Lab Animal Anaesthesia,Subjective,Subjective Q31 on Lab Animal Anaesthesia,Answer to Q31 from Lab Animal Anaesthesia - sample content.
Inhalant Anaesthesia,Objective,Objective Q45 on Inhalant Anaesthesia,Answer to Q45 from Inhalant Anaesthesia - sample content.
Wild Animal Anaesthesia,Subjective,Subjective Q37 on Wild Animal Anaesthesia,Answer to Q37 from Wild Animal Anaesthesia - sample content.
Nerve Blocks,Objective,Objective Q14 on Nerve Blocks,Answer to Q14 from Nerve Blocks - sample content.
Nerve Blocks,Subjective,Subjective Q10 on Nerve Blocks,Answer to Q10 from Nerve Blocks - sample content.
Inhalant Anaesthesia,Subjective,Subjective Q40 on Inhalant Anaesthesia,Answer to Q40 from Inhalant Anaesthesia - sample content.
Wild Animal Anaesthesia,Objective,Objective Q39 on Wild Animal Anaesthesia,Answer to Q39 from Wild Animal Anaesthesia - sample content.
Anaesthetic Emergencies,Objective,Objective Q41 on Anaesthetic Emergencies,Answer to Q41 from Anaesthetic Emergencies - sample content.
Wild Animal Anaesthesia,Objective,Objective Q32 on Wild Animal Anaesthesia,Answer to Q32 from Wild Animal Anaesthesia - sample content.
Indications & Contraindications,Objective,Objective Q21 on Indications & Contraindications,Answer to Q21 from Indications & Contraindications - sample content.
Mechanism of Action,Objective,Objective Q39 on Mechanism of Action,Answer to Q39 from Mechanism of Action - sample content.
General Anaesthesia,Objective,Objective Q23 on General Anaesthesia,Answer to Q23 from General Anaesthesia - sample content.
Indications & Contraindications,Objective,Objective Q5 on Indications & Contraindications,Answer to Q5 from Indications & Contraindications - sample content.
Local Anaesthesia,Objective,Objective Q38 on Local Anaesthesia,Answer to Q38 from Local Anaesthesia - sample content.
"Special Cases (e.g., pregnancy, CVS compromised)",Objective,"Objective Q9 on Special Cases (e.g., pregnancy, CVS compromised)","Answer to Q9 from Special Cases (e.g., pregnancy, CVS compromised) - sample content."
Local Anaesthesia,Subjective,Subjective Q34 on Local Anaesthesia,Answer to Q34 from Local Anaesthesia - sample content.
General Anaesthesia,Objective,Objective Q27 on General Anaesthesia,Answer to Q27 from General Anaesthesia - sample content.
Lab Animal Anaesthesia,Objective,Objective Q41 on Lab Animal Anaesthesia,Answer to Q41 from Lab Animal Anaesthesia - sample content.
Anaesthetic Emergencies,Objective,Objective Q12 on Anaesthetic Emergencies,Answer to Q12 from Anaesthetic Emergencies - sample content.
Anaesthetic Emergencies,Subjective,Subjective Q28 on Anaesthetic Emergencies,Answer to Q28 from Anaesthetic Emergencies - sample content.
Indications & Contraindications,Subjective,Subjective Q25 on Indications & Contraindications,Answer to Q25 from Indications & Contraindications - sample content.
Lab Animal Anaesthesia,Objective,Objective Q9 on Lab Animal Anaesthesia,Answer to Q9 from Lab Animal Anaesthesia - sample content.
Inhalant Anaesthesia,Subjective,Subjective Q10 on Inhalant Anaesthesia,Answer to Q10 from Inhalant Anaesthesia - sample content.
Wild Animal Anaesthesia,Subjective,Subjective Q34 on Wild Animal Anaesthesia,Answer to Q34 from Wild Animal Anaesthesia - sample content.
Local Anaesthesia,Subjective,Subjective Q19 on Local Anaesthesia,Answer to Q19 from Local Anaesthesia - sample content.
Wild Animal Anaesthesia,Objective,Objective Q15 on Wild Animal Anaesthesia,Answer to Q15 from Wild Animal Anaesthesia - sample content.
Anaesthetic Emergencies,Objective,Objective Q8 on Anaesthetic Emergencies,Answer to Q8 from Anaesthetic Emergencies - sample content.
Nerve Blocks,Objective,Objective Q23 on Nerve Blocks,Answer to Q23 from Nerve Blocks - sample content.
Inhalant Anaesthesia,Objective,Objective Q44 on Inhalant Anaesthesia,Answer to Q44 from Inhalant Anaesthesia - sample content.
Indications & Contraindications,Objective,Objective Q20 on Indications & Contraindications,Answer to Q20 from Indications & Contraindications - sample content.
Inhalant Anaesthesia,Subjective,Subjective Q4 on Inhalant Anaesthesia,Answer to Q4 from Inhalant Anaesthesia - sample content.
Nerve Blocks,Subjective,Subjective Q19 on Nerve Blocks,Answer to Q19 from Nerve Blocks - sample content.
Wild Animal Anaesthesia,Objective,Objective Q45 on Wild Animal Anaesthesia,Answer to Q45 from Wild Animal Anaesthesia - sample content.
General Anaesthesia,Objective,Objective Q45 on General Anaesthesia,Answer to Q45 from General Anaesthesia - sample content.
Wild Animal Anaesthesia,Objective,Objective Q26 on Wild Animal Anaesthesia,Answer to Q26 from Wild Animal Anaesthesia - sample content.
"Special Cases (e.g., pregnancy, CVS compromised)",Objective,"Objective Q33 on Special Cases (e.g., pregnancy, CVS compromised)","Answer to Q33 from Special Cases (e.g., pregnancy, CVS compromised) - sample content."
Nerve Blocks,Subjective,Subjective Q34 on Nerve Blocks,Answer to Q34 from Nerve Blocks - sample content.
Wild Animal Anaesthesia,Objective,Objective Q8 on Wild Animal Anaesthesia,Answer to Q8 from Wild Animal Anaesthesia - sample content.
Lab Animal Anaesthesia,Objective,Objective Q11 on Lab Animal Anaesthesia,Answer to Q11 from Lab Animal Anaesthesia - sample content.
Mechanism of Action,Objective,Objective Q29 on Mechanism of Action,Answer to Q29 from Mechanism of Action - sample content.
Wild Animal Anaesthesia,Objective,Objective Q20 on Wild Animal Anaesthesia,Answer to Q20 from Wild Animal Anaesthesia - sample content.
Inhalant Anaesthesia,Objective,Objective Q23 on Inhalant Anaesthesia,Answer to Q23 from Inhalant Anaesthesia - sample content.
Lab Animal Anaesthesia,Subjective,Subjective Q37 on Lab Animal Anaesthesia,Answer to Q37 from Lab Animal Anaesthesia - sample content.
Anaesthetic Emergencies,Subjective,Subjective Q7 on Anaesthetic Emergencies,Answer to Q7 from Anaesthetic Emergencies - sample content.
Miscellaneous,Objective,Extra objective question,Sample answer.
Lab Animal Anaesthesia,Subjective,Subjective Q10 on Lab Animal Anaesthesia,Answer to Q10 from Lab Animal Anaesthesia - sample content.
General Anaesthesia,Objective,Objective Q17 on General Anaesthesia,Answer to Q17 from General Anaesthesia - sample content.
Anaesthetic Emergencies,Subjective,Subjective Q10 on Anaesthetic Emergencies,Answer to Q10 from Anaesthetic Emergencies - sample content.
Local Anaesthesia,Objective,Objective Q8 on Local Anaesthesia,Answer to Q8 from Local Anaesthesia - sample content.
Indications & Contraindications,Subjective,Subjective Q43 on Indications & Contraindications,Answer to Q43 from Indications & Contraindications - sample content.
Anaesthesia Machine,Objective,Objective Q2 on Anaesthesia Machine,Answer to Q2 from Anaesthesia Machine - sample content.
Nerve Blocks,Objective,Objective Q42 on Nerve Blocks,Answer to Q42 from Nerve Blocks - sample content.
Anaesthesia Machine,Subjective,Subjective Q28 on Anaesthesia Machine,Answer to Q28 from Anaesthesia Machine - sample content.
Lab Animal Anaesthesia,Objective,Objective Q42 on Lab Animal Anaesthesia,Answer to Q42 from Lab Animal Anaesthesia - sample content.
Inhalant Anaesthesia,Subjective,Subjective Q43 on Inhalant Anaesthesia,Answer to Q43 from Inhalant Anaesthesia - sample content.
Anaesthetic Emergencies,Objective,Objective Q9 on Anaesthetic Emergencies,Answer to Q9 from Anaesthetic Emergencies - sample content.
Anaesthetic Emergencies,Objective,Objective Q11 on Anaesthetic Emergencies,Answer to Q11 from Anaesthetic Emergencies - sample content.
Nerve Blocks,Subjective,Subjective Q28 on Nerve Blocks,Answer to Q28 from Nerve Blocks - sample content.
Anaesthetic Emergencies,Subjective,Subjective Q4 on Anaesthetic Emergencies,Answer to Q4 from Anaesthetic Emergencies - sample content.
"Special Cases (e.g., pregnancy, CVS compromised)",Objective,"Objective Q12 on Special Cases (e.g., pregnancy, CVS compromised)","Answer to Q12 from Special Cases (e.g., pregnancy, CVS compromised) - sample content."
Local Anaesthesia,Objective,Objective Q9 on Local Anaesthesia,Answer to Q9 from Local Anaesthesia - sample content.
Local Anaesthesia,Objective,Objective Q42 on Local Anaesthesia,Answer to Q42 from Local Anaesthesia - sample content.
"Special Cases (e.g., pregnancy, CVS compromised)",Subjective,"Subjective Q40 on Special Cases (e.g., pregnancy, CVS compromised)","Answer to Q40 from Special Cases (e.g., pregnancy, CVS compromised) - sample content."
Anaesthesia Machine,Objective,Objective Q24 on Anaesthesia Machine,Answer to Q24 from Anaesthesia Machine - sample content.
Nerve Blocks,Subjective,Subjective Q40 on Nerve Blocks,Answer to Q40 from Nerve Blocks - sample content.
Nerve Blocks,Objective,Objective Q12 on Nerve Blocks,Answer to Q12 from Nerve Blocks - sample content.
Anaesthetic Emergencies,Subjective,Subjective Q37 on Anaesthetic Emergencies,Answer to Q37 from Anaesthetic Emergencies - sample content.
Anaesthetic Emergencies,Objective,Objective Q21 on Anaesthetic Emergencies,Answer to Q21 from Anaesthetic Emergencies - sample content.
Anaesthetic Emergencies,Subjective,Subjective Q19 on Anaesthetic Emergencies,Answer to Q19 from Anaesthetic Emergencies - sample content.
General Anaesthesia,Objective,Objective Q5 on General Anaesthesia,Answer to Q5 from General Anaesthesia - sample content.
Indications & Contraindications,Objective,Objective Q17 on Indications & Contraindications,Answer to Q17 from Indications & Contraindications - sample content.
Mechanism of Action,Objective,Objective Q41 on Mechanism of Action,Answer to Q41 from Mechanism of Action - sample content.
Wild Animal Anaesthesia,Objective,Objective Q30 on Wild Animal Anaesthesia,Answer to Q30 from Wild Animal Anaesthesia - sample content.
Inhalant Anaesthesia,Objective,Objective Q18 on Inhalant Anaesthesia,Answer to Q18 from Inhalant Anaesthesia - sample content.
Lab Animal Anaesthesia,Objective,Objective Q3 on Lab Animal Anaesthesia,Answer to Q3 from Lab Animal Anaesthesia - sample content.
Mechanism of Action,Subjective,Subjective Q43 on Mechanism of Action,Answer to Q43 from Mechanism of Action - sample content.
Nerve Blocks,Subjective,Subjective Q1 on Nerve Blocks,Answer to Q1 from Nerve Blocks - sample content.
Anaesthetic Emergencies,Objective,Objective Q5 on Anaesthetic Emergencies,Answer to Q5 from Anaesthetic Emergencies - sample content.
Mechanism of Action,Objective,Objective Q36 on Mechanism of Action,Answer to Q36 from Mechanism of Action - sample content.
Inhalant Anaesthesia,Objective,Objective Q26 on Inhalant Anaesthesia,Answer to Q26 from Inhalant Anaesthesia - sample content.
Mechanism of Action,Objective,Objective Q30 on Mechanism of Action,Answer to Q30 from Mechanism of Action - sample content.
Local Anaesthesia,Objective,Objective Q45 on Local Anaesthesia,Answer to Q45 from Local Anaesthesia - sample content.
Mechanism of Action,Objective,Objective Q45 on Mechanism of Action,Answer to Q45 from Mechanism of Action - sample content.
Indications & Contraindications,Objective,Objective Q27 on Indications & Contraindications,Answer to Q27 from Indications & Contraindications - sample content.
Anaesthesia Machine,Objective,Objective Q38 on Anaesthesia Machine,Answer to Q38 from Anaesthesia Machine - sample content.
Nerve Blocks,Subjective,Subjective Q7 on Nerve Blocks,Answer to Q7 from Nerve Blocks - sample content.
Mechanism of Action,Subjective,Subjective Q1 on Mechanism of Action,Answer to Q1 from Mechanism of Action - sample content.
General Anaesthesia,Objective,Objective Q18 on General Anaesthesia,Answer to Q18 from General Anaesthesia - sample content.
Anaesthesia Machine,Objective,Objective Q18 on Anaesthesia Machine,Answer to Q18 from Anaesthesia Machine - sample content.
Local Anaesthesia,Objective,Objective Q44 on Local Anaesthesia,Answer to Q44 from Local Anaesthesia - sample content.
Anaesthesia Machine,Subjective,Subjective Q16 on Anaesthesia Machine,Answer to Q16 from Anaesthesia Machine - sample content.
"Special Cases (e.g., pregnancy, CVS compromised)",Subjective,"Subjective Q4 on Special Cases (e.g., pregnancy, CVS compromised)","Answer to Q4 from Special Cases (e.g., pregnancy, CVS compromised) - sample content."
Inhalant Anaesthesia,Objective,Objective Q14 on Inhalant Anaesthesia,Answer to Q14 from Inhalant Anaesthesia - sample content.
Indications & Contraindications,Objective,Objective Q42 on Indications & Contraindications,Answer to Q42 from Indications & Contraindications - sample content.
Indications & Contraindications,Subjective,Subjective Q31 on Indications & Contraindications,Answer to Q31 from Indications & Contraindications - sample content.
Lab Animal Anaesthesia,Subjective,Subjective Q4 on Lab Animal Anaesthesia,Answer to Q4 from Lab Animal Anaesthesia - sample content.
Local Anaesthesia,Objective,Objective Q27 on Local Anaesthesia,Answer to Q27 from Local Anaesthesia - sample content.
Anaesthetic Emergencies,Subjective,Subjective Q13 on Anaesthetic Emergencies,Answer to Q13 from Anaesthetic Emergencies - sample content.
Lab Animal Anaesthesia,Objective,Objective Q36 on Lab Animal Anaesthesia,Answer to Q36 from Lab Animal Anaesthesia - sample content.
Wild Animal Anaesthesia,Objective,Objective Q23 on Wild Animal Anaesthesia,Answer to Q23 from Wild Animal Anaesthesia - sample content.
Anaesthesia Machine,Objective,Objective Q14 on Anaesthesia Machine,Answer to Q14 from Anaesthesia Machine - sample content.
Local Anaesthesia,Subjective,Subjective Q25 on Local Anaesthesia,Answer to Q25 from Local Anaesthesia - sample content.
General Anaesthesia,Objective,Objective Q41 on General Anaesthesia,Answer to Q41 from General Anaesthesia - sample content.
General Anaesthesia,Objective,Objective Q14 on General Anaesthesia,Answer to Q14 from General Anaesthesia - sample content.
General Anaesthesia,Subjective,Subjective Q28 on General Anaesthesia,Answer to Q28 from General Anaesthesia - sample content.
Anaesthetic Emergencies,Objective,Objective Q27 on Anaesthetic Emergencies,Answer to Q27 from Anaesthetic Emergencies - sample content.
Indications & Contraindications,Subjective,Subjective Q40 on Indications & Contraindications,Answer to Q40 from Indications & Contraindications - sample content.
General Anaesthesia,Subjective,Subjective Q16 on General Anaesthesia,Answer to Q16 from General Anaesthesia - sample content.
Wild Animal Anaesthesia,Subjective,Subjective Q43 on Wild Animal Anaesthesia,Answer to Q43 from Wild Animal Anaesthesia - sample content.
Inhalant Anaesthesia,Subjective,Subjective Q37 on Inhalant Anaesthesia,Answer to Q37 from Inhalant Anaesthesia - sample content.
Local Anaesthesia,Subjective,Subjective Q16 on Local Anaesthesia,Answer to Q16 from Local Anaesthesia - sample content.
Mechanism of Action,Subjective,Subjective Q34 on Mechanism of Action,Answer to Q34 from Mechanism of Action - sample content.
Miscellaneous,Objective,Extra objective question,Sample answer.
Indications & Contraindications,Subjective,Subjective Q4 on Indications & Contraindications,Answer to Q4 from Indications & Contraindications - sample content.
Inhalant Anaesthesia,Subjective,Subjective Q31 on Inhalant Anaesthesia,Answer to Q31 from Inhalant Anaesthesia - sample content.
"Special Cases (e.g., pregnancy, CVS compromised)",Subjective,"Subjective Q1 on Special Cases (e.g., pregnancy, CVS compromised)","Answer to Q1 from Special Cases (e.g., pregnancy, CVS compromised) - sample content."
Local Anaesthesia,Objective,Objective Q2 on Local Anaesthesia,Answer to Q2 from Local Anaesthesia - sample content.
"Special Cases (e.g., pregnancy, CVS compromised)",Objective,"Objective Q3 on Special Cases (e.g., pregnancy, CVS compromised)","Answer to Q3 from Special Cases (e.g., pregnancy, CVS compromised) - sample content."
Indications & Contraindications,Objective,Objective Q12 on Indications & Contraindications,Answer to Q12 from Indications & Contraindications - sample content.
Lab Animal Anaesthesia,Subjective,Subjective Q25 on Lab Animal Anaesthesia,Answer to Q25 from Lab Animal Anaesthesia - sample content.
Lab Animal Anaesthesia,Objective,Objective Q29 on Lab Animal Anaesthesia,Answer to Q29 from Lab Animal Anaesthesia - sample content.
Wild Animal Anaesthesia,Objective,Objective Q36 on Wild Animal Anaesthesia,Answer to Q36 from Wild Animal Anaesthesia - sample content.
Lab Animal Anaesthesia,Objective,Objective Q23 on Lab Animal Anaesthesia,Answer to Q23 from Lab Animal Anaesthesia - sample content.
"Special Cases (e.g., pregnancy, CVS compromised)",Objective,"Objective Q35 on Special Cases (e.g., pregnancy, CVS compromised)","Answer to Q35 from Special Cases (e.g., pregnancy, CVS compromised) - sample content."
General Anaesthesia,Objective,Objective Q3 on General Anaesthesia,Answer to Q3 from General Anaesthesia - sample content.
General Anaesthesia,Objective,Objective Q36 on General Anaesthesia,Answer to Q36 from General Anaesthesia - sample content.
Indications & Contraindications,Objective,Objective Q45 on Indications & Contraindications,Answer to Q45 from Indications & Contraindications - sample content.
Anaesthesia Machine,Subjective,Subjective Q10 on Anaesthesia Machine,Answer to Q10 from Anaesthesia Machine - sample content.
Indications & Contraindications,Objective,Objective Q11 on Indications & Contraindications,Answer to Q11 from Indications & Contraindications - sample content.
Lab Animal Anaesthesia,Objective,Objective Q5 on Lab Animal Anaesthesia,Answer to Q5 from Lab Animal Anaesthesia - sample content.
"Special Cases (e.g., pregnancy, CVS compromised)",Objective,"Objective Q38 on Special Cases (e.g., pregnancy, CVS compromised)","Answer to Q38 from Special Cases (e.g., pregnancy, CVS compromised) - sample content."
Nerve Blocks,Objective,Objective Q36 on Nerve Blocks,Answer to Q36 from Nerve Blocks - sample content.
Anaesthetic Emergencies,Objective,Objective Q45 on Anaesthetic Emergencies,Answer to Q45 from Anaesthetic Emergencies - sample content.
"Special Cases (e.g., pregnancy, CVS compromised)",Objective,"Objective Q39 on Special Cases (e.g., pregnancy, CVS compromised)","Answer to Q39 from Special Cases (e.g., pregnancy, CVS compromised) - sample content."
Indications & Contraindications,Objective,Objective Q6 on Indications & Contraindications,Answer to Q6 from Indications & Contraindications - sample content.
"Special Cases (e.g., pregnancy, CVS compromised)",Objective,"Objective Q36 on Special Cases (e.g., pregnancy, CVS compromised)","Answer to Q36 from Special Cases (e.g., pregnancy, CVS compromised) - sample content."
Nerve Blocks,Subjective,Subjective Q37 on Nerve Blocks,Answer to Q37 from Nerve Blocks - sample content.
Anaesthesia Machine,Objective,Objective Q29 on Anaesthesia Machine,Answer to Q29 from Anaesthesia Machine - sample content.
Lab Animal Anaesthesia,Subjective,Subjective Q16 on Lab Animal Anaesthesia,Answer to Q16 from Lab Animal Anaesthesia - sample content.
Inhalant Anaesthesia,Objective,Objective Q35 on Inhalant Anaesthesia,Answer to Q35 from Inhalant Anaesthesia - sample content.
"Special Cases (e.g., pregnancy, CVS compromised)",Objective,"Objective Q5 on Special Cases (e.g., pregnancy, CVS compromised)","Answer to Q5 from Special Cases (e.g., pregnancy, CVS compromised) - sample content."
Anaesthesia Machine,Objective,Objective Q39 on Anaesthesia Machine,Answer to Q39 from Anaesthesia Machine - sample content.
Local Anaesthesia,Objective,Objective Q11 on Local Anaesthesia,Answer to Q11 from Local Anaesthesia - sample content.
Anaesthesia Machine,Objective,Objective Q26 on Anaesthesia Machine,Answer to Q26 from Anaesthesia Machine - sample content.
Anaesthesia Machine,Objective,Objective Q35 on Anaesthesia Machine,Answer to Q35 from Anaesthesia Machine - sample content.
Wild Animal Anaesthesia,Objective,Objective Q35 on Wild Animal Anaesthesia,Answer to Q35 from Wild Animal Anaesthesia - sample content.
Lab Animal Anaesthesia,Objective,Objective Q20 on Lab Animal Anaesthesia,Answer to Q20 from Lab Animal Anaesthesia - sample content.
General Anaesthesia,Objective,Objective Q32 on General Anaesthesia,Answer to Q32 from General Anaesthesia - sample content.
"Special Cases (e.g., pregnancy, CVS compromised)",Subjective,"Subjective Q13 on Special Cases (e.g., pregnancy, CVS compromised)","Answer to Q13 from Special Cases (e.g., pregnancy, CVS compromised) - sample content."
Anaesthetic Emergencies,Subjective,Subjective Q1 on Anaesthetic Emergencies,Answer to Q1 from Anaesthetic Emergencies - sample content.
Mechanism of Action,Objective,Objective Q2 on Mechanism of Action,Answer to Q2 from Mechanism of Action - sample content.
Lab Animal Anaesthesia,Objective,Objective Q44 on Lab Animal Anaesthesia,Answer to Q44 from Lab Animal Anaesthesia - sample content.
Lab Animal Anaesthesia,Subjective,Subjective Q43 on Lab Animal Anaesthesia,Answer to Q43 from Lab Animal Anaesthesia - sample content.
Wild Animal Anaesthesia,Objective,Objective Q2 on Wild Animal Anaesthesia,Answer to Q2 from Wild Animal Anaesthesia - sample content.
Anaesthesia Machine,Subjective,Subjective Q7 on Anaesthesia Machine,Answer to Q7 from Anaesthesia Machine - sample content.
Mechanism of Action,Objective,Objective Q38 on Mechanism of Action,Answer to Q38 from Mechanism of Action - sample content.
Mechanism of Action,Objective,Objective Q35 on Mechanism of Action,Answer to Q35 from Mechanism of Action - sample content.
"Special Cases (e.g., pregnancy, CVS compromised)",Objective,"Objective Q41 on Special Cases (e.g., pregnancy, CVS compromised)","Answer to Q41 from Special Cases (e.g., pregnancy, CVS compromised) - sample content."
Mechanism of Action,Objective,Objective Q17 on Mechanism of Action,Answer to Q17 from Mechanism of Action - sample content.
Anaesthetic Emergencies,Subjective,Subjective Q40 on Anaesthetic Emergencies,Answer to Q40 from Anaesthetic Emergencies - sample content.
Lab Animal Anaesthesia,Objective,Objective Q12 on Lab Animal Anaesthesia,Answer to Q12 from Lab Animal Anaesthesia - sample content.
Indications & Contraindications,Subjective,Subjective Q10 on Indications & Contraindications,Answer to Q10 from Indications & Contraindications - sample content.
Local Anaesthesia,Objective,Objective Q30 on Local Anaesthesia,Answer to Q30 from Local Anaesthesia - sample content.
General Anaesthesia,Objective,Objective Q29 on General Anaesthesia,Answer to Q29 from General Anaesthesia - sample content.
Wild Animal Anaesthesia,Objective,Objective Q12 on Wild Animal Anaesthesia,Answer to Q12 from Wild Animal Anaesthesia - sample content.
Nerve Blocks,Objective,Objective Q20 on Nerve Blocks,Answer to Q20 from Nerve Blocks - sample content.
Miscellaneous,Objective,Extra objective question,Sample answer.
Inhalant Anaesthesia,Subjective,Subjective Q34 on Inhalant Anaesthesia,Answer to Q34 from Inhalant Anaesthesia - sample content.
Wild Animal Anaesthesia,Subjective,Subjective Q16 on Wild Animal Anaesthesia,Answer to Q16 from Wild Animal Anaesthesia - sample content.
Local Anaesthesia,Objective,Objective Q3 on Local Anaesthesia,Answer to Q3 from Local Anaesthesia - sample content.
Mechanism of Action,Objective,Objective Q24 on Mechanism of Action,Answer to Q24 from Mechanism of Action - sample content.
Wild Animal Anaesthesia,Objective,Objective Q11 on Wild Animal Anaesthesia,Answer to Q11 from Wild Animal Anaesthesia - sample content.
Local Anaesthesia,Subjective,Subjective Q28 on Local Anaesthesia,Answer to Q28 from Local Anaesthesia - sample content.
"Special Cases (e.g., pregnancy, CVS compromised)",Subjective,"Subjective Q16 on Special Cases (e.g., pregnancy, CVS compromised)","Answer to Q16 from Special Cases (e.g., pregnancy, CVS compromised) - sample content."
Wild Animal Anaesthesia,Objective,Objective Q38 on Wild Animal Anaesthesia,Answer to Q38 from Wild Animal Anaesthesia - sample content.
Local Anaesthesia,Subjective,Subjective Q7 on Local Anaesthesia,Answer to Q7 from Local Anaesthesia - sample content.
Indications & Contraindications,Objective,Objective Q35 on Indications & Contraindications,Answer to Q35 from Indications & Contraindications - sample content.
Wild Animal Anaesthesia,Objective,Objective Q17 on Wild Animal Anaesthesia,Answer to Q17 from Wild Animal Anaesthesia - sample content.
General Anaesthesia,Subjective,Subjective Q10 on General Anaesthesia,Answer to Q10 from General Anaesthesia - sample content.
Inhalant Anaesthesia,Subjective,Subjective Q16 on Inhalant Anaesthesia,Answer to Q16 from Inhalant Anaesthesia - sample content.
Lab Animal Anaesthesia,Subjective,Subjective Q22 on Lab Animal Anaesthesia,Answer to Q22 from Lab Animal Anaesthesia - sample content.
Indications & Contraindications,Objective,Objective Q38 on Indications & Contraindications,Answer to Q38 from Indications & Contraindications - sample content.
General Anaesthesia,Subjective,Subjective Q25 on General Anaesthesia,Answer to Q25 from General Anaesthesia - sample content.
"Special Cases (e.g., pregnancy, CVS compromised)",Subjective,"Subjective Q37 on Special Cases (e.g., pregnancy, CVS compromised)","Answer to Q37 from Special Cases (e.g., pregnancy, CVS compromised) - sample content."
Lab Animal Anaesthesia,Subjective,Subjective Q34 on Lab Animal Anaesthesia,Answer to Q34 from Lab Animal Anaesthesia - sample content.
General Anaesthesia,Subjective,Subjective Q31 on General Anaesthesia,Answer to Q31 from General Anaesthesia - sample content.
Anaesthetic Emergencies,Subjective,Subjective Q43 on Anaesthetic Emergencies,Answer to Q43 from Anaesthetic Emergencies - sample content.
Inhalant Anaesthesia,Objective,Objective Q17 on Inhalant Anaesthesia,Answer to Q17 from Inhalant Anaesthesia - sample content.
General Anaesthesia,Objective,Objective Q24 on General Anaesthesia,Answer to Q24 from General Anaesthesia - sample content.
Local Anaesthesia,Objective,Objective Q33 on Local Anaesthesia,Answer to Q33 from Local Anaesthesia - sample content.
Mechanism of Action,Subjective,Subjective Q16 on Mechanism of Action,Answer to Q16 from Mechanism of Action - sample content.
Local Anaesthesia,Objective,Objective Q21 on Local Anaesthesia,Answer to Q21 from Local Anaesthesia - sample content.
"Special Cases (e.g., pregnancy, CVS compromised)",Objective,"Objective Q2 on Special Cases (e.g., pregnancy, CVS compromised)","Answer to Q2 from Special Cases (e.g., pregnancy, CVS compromised) - sample content."
General Anaesthesia,Objective,Objective Q26 on General Anaesthesia,Answer to Q26 from General Anaesthesia - sample content.
Local Anaesthesia,Objective,Objective Q41 on Local Anaesthesia,Answer to Q41 from Local Anaesthesia - sample content.
Local Anaesthesia,Objective,Objective Q17 on Local Anaesthesia,Answer to Q17 from Local Anaesthesia - sample content.
Lab Animal Anaesthesia,Subjective,Subjective Q1 on Lab Animal Anaesthesia,Answer to Q1 from Lab Animal Anaesthesia - sample content.
Mechanism of Action,Objective,Objective Q26 on Mechanism of Action,Answer to Q26 from Mechanism of Action - sample content.
"Special Cases (e.g., pregnancy, CVS compromised)",Subjective,"Subjective Q43 on Special Cases (e.g., pregnancy, CVS compromised)","Answer to Q43 from Special Cases (e.g., pregnancy, CVS compromised) - sample content."
"Special Cases (e.g., pregnancy, CVS compromised)",Objective,"Objective Q18 on Special Cases (e.g., pregnancy, CVS compromised)","Answer to Q18 from Special Cases (e.g., pregnancy, CVS compromised) - sample content."
Mechanism of Action,Objective,Objective Q5 on Mechanism of Action,Answer to Q5 from Mechanism of Action - sample content.
Nerve Blocks,Objective,Objective Q27 on Nerve Blocks,Answer to Q27 from Nerve Blocks - sample content.
Mechanism of Action,Subjective,Subjective Q22 on Mechanism of Action,Answer to Q22 from Mechanism of Action - sample content.
"Special Cases (e.g., pregnancy, CVS compromised)",Objective,"Objective Q6 on Special Cases (e.g., pregnancy, CVS compromised)","Answer to Q6 from Special Cases (e.g., pregnancy, CVS compromised) - sample content."
Mechanism of Action,Subjective,Subjective Q13 on Mechanism of Action,Answer to Q13 from Mechanism of Action - sample content.
Anaesthesia Machine,Subjective,Subjective Q25 on Anaesthesia Machine,Answer to Q25 from Anaesthesia Machine - sample content.
Wild Animal Anaesthesia,Subjective,Subjective Q10 on Wild Animal Anaesthesia,Answer to Q10 from Wild Animal Anaesthesia - sample content.
Wild Animal Anaesthesia,Subjective,Subjective Q22 on Wild Animal Anaesthesia,Answer to Q22 from Wild Animal Anaesthesia - sample content.
Indications & Contraindications,Objective,Objective Q29 on Indications & Contraindications,Answer to Q29 from Indications & Contraindications - sample content.
"Special Cases (e.g., pregnancy, CVS compromised)",Objective,"Objective Q27 on Special Cases (e.g., pregnancy, CVS compromised)","Answer to Q27 from Special Cases (e.g., pregnancy, CVS compromised) - sample content."
Anaesthesia Machine,Objective,Objective Q41 on Anaesthesia Machine,Answer to Q41 from Anaesthesia Machine - sample content.
"Special Cases (e.g., pregnancy, CVS compromised)",Objective,"Objective Q30 on Special Cases (e.g., pregnancy, CVS compromised)","Answer to Q30 from Special Cases (e.g., pregnancy, CVS compromised) - sample content."
Anaesthesia Machine,Objective,Objective Q15 on Anaesthesia Machine,Answer to Q15 from Anaesthesia Machine - sample content.
Nerve Blocks,Objective,Objective Q15 on Nerve Blocks,Answer to Q15 from Nerve Blocks - sample content.
Indications & Contraindications,Objective,Objective Q2 on Indications & Contraindications,Answer to Q2 from Indications & Contraindications - sample content.
Lab Animal Anaesthesia,Objective,Objective Q32 on Lab Animal Anaesthesia,Answer to Q32 from Lab Animal Anaesthesia - sample content.
Nerve Blocks,Subjective,Subjective Q22 on Nerve Blocks,Answer to Q22 from Nerve Blocks - sample content.
Indications & Contraindications,Subjective,Subjective Q34 on Indications & Contraindications,Answer to Q34 from Indications & Contraindications - sample content.
Anaesthetic Emergencies,Objective,Objective Q42 on Anaesthetic Emergencies,Answer to Q42 from Anaesthetic Emergencies - sample content.
Anaesthetic Emergencies,Objective,Objective Q36 on Anaesthetic Emergencies,Answer to Q36 from Anaesthetic Emergencies - sample content.
Anaesthetic Emergencies,Objective,Objective Q17 on Anaesthetic Emergencies,Answer to Q17 from Anaesthetic Emergencies - sample content.
General Anaesthesia,Objective,Objective Q30 on General Anaesthesia,Answer to Q30 from General Anaesthesia - sample content.
Lab Animal Anaesthesia,Objective,Objective Q18 on Lab Animal Anaesthesia,Answer to Q18 from Lab Animal Anaesthesia - sample content.
Indications & Contraindications,Objective,Objective Q23 on Indications & Contraindications,Answer to Q23 from Indications & Contraindications - sample content.
Indications & Contraindications,Objective,Objective Q32 on Indications & Contraindications,Answer to Q32 from Indications & Contraindications - sample content.
Local Anaesthesia,Objective,Objective Q32 on Local Anaesthesia,Answer to Q32 from Local Anaesthesia - sample content.
Anaesthetic Emergencies,Subjective,Subjective Q22 on Anaesthetic Emergencies,Answer to Q22 from Anaesthetic Emergencies - sample content.
Indications & Contraindications,Objective,Objective Q26 on Indications & Contraindications,Answer to Q26 from Indications & Contraindications - sample content.
Anaesthesia Machine,Objective,Objective Q12 on Anaesthesia Machine,Answer to Q12 from Anaesthesia Machine - sample content.
Anaesthetic Emergencies,Objective,Objective Q39 on Anaesthetic Emergencies,Answer to Q39 from Anaesthetic Emergencies - sample content.
General Anaesthesia,Objective,Objective Q6 on General Anaesthesia,Answer to Q6 from General Anaesthesia - sample content.
Anaesthesia Machine,Objective,Objective Q5 on Anaesthesia Machine,Answer to Q5 from Anaesthesia Machine - sample content.
Local Anaesthesia,Subjective,Subjective Q1 on Local Anaesthesia,Answer to Q1 from Local Anaesthesia - sample content.
General Anaesthesia,Objective,Objective Q38 on General Anaesthesia,Answer to Q38 from General Anaesthesia - sample content.
Inhalant Anaesthesia,Subjective,Subjective Q13 on Inhalant Anaesthesia,Answer to Q13 from Inhalant Anaesthesia - sample content.
Inhalant Anaesthesia,Objective,Objective Q12 on Inhalant Anaesthesia,Answer to Q12 from Inhalant Anaesthesia - sample content.
Mechanism of Action,Subjective,Subjective Q31 on Mechanism of Action,Answer to Q31 from Mechanism of Action - sample content.
Lab Animal Anaesthesia,Objective,Objective Q6 on Lab Animal Anaesthesia,Answer to Q6 from Lab Animal Anaesthesia - sample content.
Mechanism of Action,Objective,Objective Q20 on Mechanism of Action,Answer to Q20 from Mechanism of Action - sample content.
Anaesthesia Machine,Objective,Objective Q42 on Anaesthesia Machine,Answer to Q42 from Anaesthesia Machine - sample content.
Anaesthesia Machine,Subjective,Subjective Q40 on Anaesthesia Machine,Answer to Q40 from Anaesthesia Machine - sample content.
Mechanism of Action,Subjective,Subjective Q7 on Mechanism of Action,Answer to Q7 from Mechanism of Action - sample content.
Mechanism of Action,Subjective,Subjective Q19 on Mechanism of Action,Answer to Q19 from Mechanism of Action - sample content.
"Special Cases (e.g., pregnancy, CVS compromised)",Subjective,"Subjective Q31 on Special Cases (e.g., pregnancy, CVS compromised)","Answer to Q31 from Special Cases (e.g., pregnancy, CVS compromised) - sample content."
Nerve Blocks,Objective,Objective Q38 on Nerve Blocks,Answer to Q38 from Nerve Blocks - sample content.
General Anaesthesia,Subjective,Subjective Q43 on General Anaesthesia,Answer to Q43 from General Anaesthesia - sample content.
