data_type,source_name,document_title,content_text,latitude,longitude,date_published,relevance_score,tags,region,url,document_id,author,pages,language,file_format,file_size_mb
Environmental Report,LUBW - Landesanstalt für Umwelt Baden-Württemberg,Bodensee Water Quality Assessment 2020,Annual report on water quality parameters and ecological status of Lake Constance (Bodensee) based on LUBW monitoring data. Includes analysis of seasonal variations and long-term trends.,47.6589,9.175,2020-12-15,0.96,"['water quality', 'environmental assessment', 'annual report', 'Bodensee', 'LUBW', '2020']",Baden-Württemberg,https://www.lubw.baden-wuerttemberg.de/wasser/bodensee/berichte,LUBW-BOD-2020-001,Dr. Hans Müller,45,German,PDF,2.8
Policy Document,LfU - Bayerisches Landesamt für Umwelt,Bavarian Lakes Protection Measures 2020,Updated regulations for protecting Bavarian lake water quality based on LfU monitoring standards. Includes new guidelines for algal bloom management.,47.8667,12.4,2020-08-22,0.94,"['policy', 'regulations', 'protection measures', 'Bavaria', 'LfU', '2020']",Bavaria,https://www.lfu.bayern.de/wasser/seen/schutz/index.htm,LFU-BY-2020-003,Dr. Maria Schmidt,32,German,PDF,1.9
Research Paper,Technische Universität München,Climate Change Impact on German Alpine Lakes 2021,Study on the effects of climate change on water quality parameters in German alpine lakes. Analysis of temperature trends and their impact on algal growth.,47.7,11.75,2021-06-10,0.92,"['research', 'climate change', 'alpine lakes', 'TUM', '2021']",Bavaria,https://www.tum.de/forschung/forschungsgebiete/umwelt,TUM-ALP-2021-002,Prof. Dr. Klaus Weber,28,English,PDF,3.2
Monitoring Report,Umweltbundesamt (UBA),German Lakes Water Quality Monitoring Network 2021,Federal monitoring data from UBA sensors across major German lakes and water bodies. Comprehensive analysis of spatial and temporal patterns.,47.9,11.3,2021-03-18,0.98,"['monitoring', 'federal data', 'UBA', 'German lakes', '2021']",Federal,https://www.umweltbundesamt.de/themen/wasser/gewaesser/seen/berichte,UBA-MON-2021-001,Dr. Anna Fischer,67,German,PDF,4.1
Environmental Alert,Deutsche Gesellschaft für Limnologie,Summer Bloom Alert - Southern German Lakes 2022,Early warning system alert for potential algal blooms in southern German lakes based on current monitoring data and predictive models.,47.8167,8.15,2022-07-05,0.99,"['alert', 'bloom warning', 'summer', 'German lakes', 'DGL', '2022']",Baden-Württemberg,https://www.dgl-ev.de/warnungen/,DGL-ALERT-2022-001,Dr. Thomas Meyer,8,German,PDF,0.8
Technical Report,DLR - Deutsches Zentrum für Luft- und Raumfahrt,Satellite Monitoring of German Water Bodies 2022,Technical report on the use of satellite data for monitoring water quality in German lakes. Includes validation results and accuracy assessments.,47.95,11.1,2022-11-30,0.95,"['technical', 'satellite monitoring', 'DLR', 'German lakes', '2022']",Federal,https://www.dlr.de/rd/en/,DLR-SAT-2022-004,Dr. Petra Wagner,56,English,PDF,3.8
Annual Assessment,LUBW - Landesanstalt für Umwelt Baden-Württemberg,Comprehensive Water Quality Assessment 2023,Annual comprehensive assessment of water quality across all monitored lakes in Baden-Württemberg. Includes trend analysis and future projections.,47.9,8.15,2023-12-20,0.97,"['assessment', 'comprehensive', 'LUBW', 'Baden-Württemberg', '2023']",Baden-Württemberg,https://www.lubw.baden-wuerttemberg.de/wasser/berichte,LUBW-ASS-2023-001,Dr. Sarah Weber,89,German,PDF,5.2
Research Study,Ludwig-Maximilians-Universität München,Microplastic Pollution in German Lakes 2023,"Research study on microplastic contamination levels in major German lakes. Analysis of sources, distribution patterns, and ecological impacts.",47.8667,12.4,2023-09-15,0.93,"['research', 'microplastics', 'pollution', 'LMU', 'German lakes', '2023']",Bavaria,https://www.lmu.de/forschung/,LMU-MICRO-2023-003,Dr. Lisa Fischer,42,English,PDF,2.9
Policy Update,Bundesministerium für Umwelt,Updated German Water Protection Guidelines 2024,New federal guidelines for water protection and monitoring standards across Germany. Includes updated thresholds and monitoring protocols.,47.6589,9.175,2024-02-14,0.99,"['policy', 'federal guidelines', 'water protection', 'BMU', '2024']",Federal,https://www.bmu.de/themen/wasser-ressourcen-abfall/,BMU-GUIDE-2024-001,Dr. Michael Bauer,78,German,PDF,4.7
Environmental Report,LfU - Bayerisches Landesamt für Umwelt,Bavarian Lakes Ecological Status 2024,"Comprehensive ecological status assessment of Bavarian lakes including water quality, biodiversity, and ecosystem health indicators.",47.7,11.75,2024-06-08,0.96,"['ecological', 'status assessment', 'Bavaria', 'LfU', '2024']",Bavaria,https://www.lfu.bayern.de/wasser/seen/oekologie/,LFU-ECO-2024-002,Dr. Andreas Schmidt,65,German,PDF,3.9
Forecast Report,Potsdam-Institut für Klimafolgenforschung,Climate Change Impact on German Water Resources 2025,"Projected impacts of climate change on German water resources including lakes, rivers, and groundwater. Long-term forecasting and adaptation strategies.",47.9,11.3,2025-01-20,0.98,"['forecast', 'climate change', 'water resources', 'PIK', '2025']",Federal,https://www.pik-potsdam.de/forschung,PIK-FORECAST-2025-001,Dr. Claudia Weber,112,English,PDF,6.8
Technical Assessment,Fraunhofer-Institut für System- und Innovationsforschung,Advanced Monitoring Technologies for German Lakes 2025,"Assessment of emerging monitoring technologies including IoT sensors, AI-powered analysis, and real-time data processing for German lake monitoring.",47.8167,8.15,2025-03-12,0.95,"['technology', 'monitoring', 'IoT', 'AI', 'Fraunhofer', '2025']",Federal,https://www.isi.fraunhofer.de/,FRAUNHOFER-TECH-2025-001,Dr. Robert Müller,45,German,PDF,3.1
